
-- ******************************************************
-- 1. INSERTS para Rochoa.especialidades (100 Registros Reales)
-- ******************************************************
INSERT INTO Rochoa.especialidades (id_especialidad, nombre, descripcion) VALUES 
(1, 'Cardiología', 'Enfermedades del corazón y sistema circulatorio.'),
(2, 'Dermatología', 'Cuidado de la piel, cabello y uñas.'),
(3, 'Pediatría', 'Atención médica integral de niños.'),
(4, 'Ginecología', 'Salud reproductiva femenina.'),
(5, 'Neurología', 'Trastornos del sistema nervioso central y periférico.'),
(6, 'Oftalmología', 'Especialidad en la visión, diagnóstico y tratamiento del ojo.'),
(7, 'Traumatología', 'Lesiones musculoesqueléticas, fracturas y cirugía ortopédica.'),
(8, 'Psiquiatría', 'Trastornos mentales, emocionales y del comportamiento.'),
(9, 'Urología', 'Sistema urinario masculino y femenino, y genitales masculinos.'),
(10, 'Endocrinología', 'Trastornos de las glándulas endocrinas, metabolismo y hormonas.'),
(11, 'Gastroenterología', 'Diagnóstico y tratamiento de enfermedades del sistema digestivo.'),
(12, 'Otorrinolaringología', 'Oído, nariz, garganta y estructuras relacionadas de cabeza y cuello.'),
(13, 'Reumatología', 'Enfermedades autoinmunes, inflamatorias y articulares.'),
(14, 'Nefrología', 'Diagnóstico y tratamiento de enfermedades del riñón.'),
(15, 'Oncología Médica', 'Diagnóstico y tratamiento (quimioterapia, terapia dirigida) del cáncer.'),
(16, 'Anestesiología y Reanimación', 'Manejo del dolor pre, intra y post-operatorio y reanimación.'),
(17, 'Fisioterapia y Rehabilitación', 'Recuperación de la movilidad y función física.'),
(18, 'Nutrición Clínica', 'Evaluación y manejo de hábitos alimenticios y dietas en pacientes.'),
(19, 'Geriatría', 'Atención médica integral y social de las personas mayores.'),
(20, 'Infectología', 'Diagnóstico, manejo y prevención de enfermedades infecciosas.'),
(21, 'Cirugía General', 'Procedimientos quirúrgicos comunes y de órganos abdominales.'),
(22, 'Medicina Interna', 'Diagnóstico y manejo de enfermedades complejas y sistémicas.'),
(23, 'Hemoterapia', 'Gestión y aplicación de transfusiones sanguíneas y hemoderivados.'),
(24, 'Alergología e Inmunología', 'Diagnóstico y tratamiento de alergias y trastornos del sistema inmune.'),
(25, 'Patología', 'Análisis de tejidos, células y fluidos corporales para diagnóstico de enfermedades.'),
(26, 'Radiología e Imagen', 'Interpretación de estudios de imagen (Rayos X, MRI, CT, ecografía).'),
(27, 'Medicina Familiar', 'Atención integral y continua para la salud de la familia.'),
(28, 'Cirugía Plástica y Reconstructiva', 'Corrección de defectos funcionales y estéticos.'),
(29, 'Neumología', 'Enfermedades del aparato respiratorio (pulmones y vías respiratorias).'),
(30, 'Psicología Clínica', 'Evaluación y tratamiento de problemas emocionales y conductuales.'),
(31, 'Medicina Deportiva', 'Prevención y tratamiento de lesiones relacionadas con el deporte.'),
(32, 'Cirugía Vascular', 'Enfermedades de las arterias, venas y vasos linfáticos.'),
(33, 'Cuidados Paliativos', 'Mejora de la calidad de vida de pacientes con enfermedades graves.'),
(34, 'Genética Médica', 'Diagnóstico y asesoramiento sobre trastornos hereditarios.'),
(35, 'Toxicología', 'Estudio, diagnóstico y tratamiento de intoxicaciones.'),
(36, 'Epidemiología', 'Estudio de la distribución y control de enfermedades en poblaciones.'),
(37, 'Medicina Legal y Forense', 'Aplicación de conocimientos médicos a cuestiones legales.'),
(38, 'Cirugía Pediátrica', 'Procedimientos quirúrgicos en bebés, niños y adolescentes.'),
(39, 'Dermatología Quirúrgica', 'Cirugía y procedimientos para afecciones de la piel.'),
(40, 'Neurocirugía', 'Cirugía del sistema nervioso, cerebro y columna vertebral.'),
(41, 'Obstetricia', 'Atención del embarazo, parto y puerperio (a menudo combinada con Ginecología).'),
(42, 'Odontología General', 'Cuidado primario de la salud bucal.'),
(43, 'Endodoncia', 'Tratamiento del interior del diente (pulpa y raíz).'),
(44, 'Ortodoncia', 'Corrección de la posición de los dientes y la mandíbula.'),
(45, 'Periodoncia', 'Tratamiento de las encías y estructuras de soporte del diente.'),
(46, 'Prostodoncia', 'Reemplazo de dientes y estructuras orales perdidas.'),
(47, 'Medicina del Trabajo', 'Salud y seguridad de los trabajadores.'),
(48, 'Salud Pública', 'Promoción de la salud a nivel comunitario y poblacional.'),
(49, 'Bioética', 'Estudio de los problemas éticos derivados de la medicina y ciencias biológicas.'),
(50, 'Medicina Estética', 'Mejora de la apariencia física sin cirugía mayor.'),
(51, 'Unidad de Cuidados Intensivos (UCI)', 'Atención a pacientes en estado crítico.'),
(52, 'Medicina Nuclear', 'Uso de material radiactivo para diagnóstico y tratamiento.'),
(53, 'Farmacología Clínica', 'Estudio de los efectos de los medicamentos en humanos.'),
(54, 'Microbiología Clínica', 'Identificación de patógenos causantes de enfermedades.'),
(55, 'Rehabilitación Cardíaca', 'Programa para personas con enfermedades del corazón.'),
(56, 'Terapia Ocupacional', 'Ayuda a la rehabilitación de actividades diarias.'),
(57, 'Logopedia/Fonoaudiología', 'Tratamiento de trastornos del lenguaje y la comunicación.'),
(58, 'Podología', 'Cuidado y tratamiento de los pies.'),
(59, 'Medicina Alternativa', 'Prácticas no convencionales (Acupuntura, Homeopatía, etc.).'),
(60, 'Cirugía Torácica', 'Cirugía de los órganos del tórax, excepto el corazón.'),
(61, 'Medicina Hiperbárica', 'Uso de oxígeno a alta presión para fines terapéuticos.'),
(62, 'Banco de Sangre', 'Operaciones y gestión de reservas de sangre.'),
(63, 'Anatomía Patológica', 'Estudio morfológico de las enfermedades.'),
(64, 'Angiología', 'Estudio de los vasos sanguíneos y linfáticos.'),
(65, 'Bariátrica (Cirugía de la Obesidad)', 'Procedimientos para reducir el peso en casos de obesidad mórbida.'),
(66, 'Cirugía Maxilofacial', 'Cirugía de la cara, cabeza y cuello.'),
(67, 'Endoscopia Digestiva', 'Procedimientos para visualizar el tracto digestivo internamente.'),
(68, 'Hematología', 'Enfermedades de la sangre, médula ósea y ganglios linfáticos.'),
(69, 'Inmunoterapia', 'Tratamiento que estimula el sistema inmunitario.'),
(70, 'Medicina Paliativa Pediátrica', 'Cuidado paliativo enfocado en niños.'),
(71, 'Medicina de Emergencias', 'Atención inmediata de condiciones que amenazan la vida.'),
(72, 'Oftalmología Pediátrica', 'Enfermedades de los ojos en la infancia.'),
(73, 'Optometría', 'Medición y corrección de la visión.'),
(74, 'Ozonoterapia', 'Uso de ozono con fines medicinales.'),
(75, 'Terapia de Lenguaje', 'Tratamiento para mejorar las habilidades comunicativas.'),
(76, 'Medicina del Sueño', 'Diagnóstico y tratamiento de los trastornos del sueño.'),
(77, 'Trasplantes', 'Coordinación y realización de trasplantes de órganos.'),
(78, 'Urología Oncológica', 'Cánceres del sistema urinario y genital masculino.'),
(79, 'Virología', 'Estudio de los virus y las enfermedades que causan.'),
(80, 'Densitometría', 'Medición de la densidad mineral ósea (Osteoporosis).'),
(81, 'Reumatología Pediátrica', 'Enfermedades autoinmunes y articulares en niños.'),
(82, 'Inmunología de Trasplantes', 'Manejo de la respuesta inmune en trasplantes.'),
(83, 'Cirugía Refractiva', 'Procedimientos para corregir defectos de visión (ej. LASIK).'),
(84, 'Neurofisiología Clínica', 'Estudio de la actividad eléctrica del sistema nervioso.'),
(85, 'Dermatología Cosmética', 'Procedimientos estéticos no invasivos en la piel.'),
(86, 'Acupuntura', 'Medicina tradicional china para el manejo del dolor.'),
(87, 'Podología Deportiva', 'Cuidado de los pies de atletas.'),
(88, 'Nutrigenómica', 'Estudio de la interacción entre genes y nutrición.'),
(89, 'Psicogeriatría', 'Trastornos mentales en personas mayores.'),
(90, 'Medicina Subacuática e Hiperbárica', 'Tratamiento de enfermedades por descompresión.'),
(91, 'Cuidados Críticos Pediátricos', 'Atención a niños en estado crítico.'),
(92, 'Flebología', 'Diagnóstico y tratamiento de las venas.'),
(93, 'Alergología Ocular', 'Alergias que afectan los ojos.'),
(94, 'Terapia Respiratoria', 'Tratamiento y manejo de pacientes con problemas respiratorios.'),
(95, 'Endocrinología Pediátrica', 'Trastornos hormonales en niños.'),
(96, 'Odontología Pediátrica', 'Cuidado dental de niños.'),
(97, 'Cirugía de Mano', 'Cirugía reconstructiva y funcional de la mano.'),
(98, 'Rehabilitación Neurológica', 'Recuperación funcional tras lesiones cerebrales o nerviosas.'),
(99, 'Unidad del Dolor Crónico', 'Manejo especializado de dolor persistente.'),
(100, 'Medicina de Viajes', 'Asesoramiento y prevención de enfermedades en viajeros.');



-- ******************************************************
-- 2. INSERTS para Rochoa.pacientes (100 Registros)
-- ******************************************************
INSERT INTO Rochoa.pacientes (id_paciente, identificacion, nombres, apellidos, fecha_nacimiento, sexo, telefono, email, direccion) VALUES 
(1, '0987654321', 'Ana', 'Gómez Pérez', '1985-05-15', 'F', '0991234567', 'ana.gomez.p@mail.com', 'Av. Principal 123, Guayaquil'),
(2, '1023456789', 'Luis', 'Martínez Soto', '1970-11-23', 'M', '0987654321', 'luis.martinez.s@mail.com', 'Calle El Sol 456, Quito'),
(3, '1154321098', 'Sofía', 'Rodríguez Díaz', '2001-02-01', 'F', '0970001112', 'sofia.rodriguez.d@mail.com', 'Urb. Los Álamos, Manta'),
(4, '1212345678', 'Carlos', 'Fernández Lima', '1995-07-30', 'M', '0962223334', 'carlos.fernandez.l@mail.com', 'Barrio Central, Cuenca'),
(5, '1398765432', 'Elena', 'Vargas Torres', '1962-09-10', 'F', '0954445556', 'elena.vargas.t@mail.com', 'Km 5 Vía a la Costa, Guayaquil'),
(6, '1400112233', 'Javier', 'Ramos Castro', '1988-03-22', 'M', '0946667778', 'javier.ramos.c@mail.com', 'Edif. Alturas, Piso 3, Ambato'),
(7, '1533445566', 'Isabella', 'Sánchez Vega', '2015-01-05', 'F', '0938889990', 'isabella.sanchez.v@mail.com', 'Cond. Las Palmeras, Loja'),
(8, '1677889900', 'Ricardo', 'Mendoza Paz', '1955-12-12', 'M', '0921012131', 'ricardo.mendoza.p@mail.com', 'Calle Secundaria 789, Portoviejo'),
(9, '1711223344', 'Paula', 'Herrera Cruz', '1990-04-18', 'F', '0913141516', 'paula.herrera.c@mail.com', 'Av. 6 de Diciembre, Quito'),
(10, '1855667788', 'David', 'Castro Flores', '2005-08-28', 'M', '0905161718', 'david.castro.f@mail.com', 'Sector Norte, Machala'),
(11, '0900000011', 'María', 'López García', '1975-01-01', 'F', '0990000011', 'm.lopez.g@mail.com', 'Urbanización San Felipe, Guayaquil'),
(12, '0900000012', 'Andrés', 'Silva Torres', '1992-02-15', 'M', '0990000012', 'a.silva.t@mail.com', 'Av. 12 de Octubre, Edificio A, Quito'),
(13, '0900000013', 'Jessica', 'Cabrera Ruíz', '1980-03-22', 'F', '0990000013', 'j.cabrera.r@mail.com', 'Vía a la Playa, Km 10, Manta'),
(14, '0900000014', 'Esteban', 'Quinteros Vera', '2000-04-05', 'M', '0990000014', 'e.quinteros.v@mail.com', 'Calle Larga 2-34, Cuenca'),
(15, '0900000015', 'Lorena', 'Moreno Salcedo', '1965-05-10', 'F', '0990000015', 'l.moreno.s@mail.com', 'Los Ceibos, Manzana 5, Guayaquil'),
(16, '0900000016', 'Felipe', 'Peña Suárez', '1998-06-18', 'M', '0990000016', 'f.pena.s@mail.com', 'Urbanización Vista Hermosa, Ambato'),
(17, '0900000017', 'Lucía', 'Benítez Aguirre', '1958-07-25', 'F', '0990000017', 'l.benitez.a@mail.com', 'Av. Pío Jaramillo, Loja'),
(18, '0900000018', 'Gabriel', 'Zamora Hidalgo', '2003-08-01', 'M', '0990000018', 'g.zamora.h@mail.com', 'Barrio El Murciélago, Portoviejo'),
(19, '0900000019', 'Adriana', 'Naranjo Pazmiño', '1989-09-12', 'F', '0990000019', 'a.naranjo.p@mail.com', 'La Carolina, Edif. Torre, Quito'),
(20, '0900000020', 'Juan', 'Cedeño Chávez', '1972-10-20', 'M', '0990000020', 'j.cedeno.c@mail.com', 'Av. Bolívar Madero, Machala'),
(21, '0900000021', 'Carla', 'Reyes Ochoa', '1987-11-03', 'F', '0990000021', 'c.reyes.o@mail.com', 'Sauces 3, Mz 15, Guayaquil'),
(22, '0900000022', 'Alejandro', 'Mora Jácome', '2005-12-19', 'M', '0990000022', 'a.mora.j@mail.com', 'Valle de los Chillos, Quito'),
(23, '0900000023', 'Gloria', 'Ortega Navas', '1960-01-28', 'F', '0990000023', 'g.ortega.n@mail.com', 'Avenida Circunvalación, Manta'),
(24, '0900000024', 'Diego', 'Villacís León', '1994-02-14', 'M', '0990000024', 'd.villacis.l@mail.com', 'El Batán, Calle de la Palma, Cuenca'),
(25, '0900000025', 'Verónica', 'Acosta Duque', '1981-03-09', 'F', '0990000025', 'v.acosta.d@mail.com', 'Urdesa Central, Guayaquil'),
(26, '0900000026', 'Sebastián', 'Ibarra Jaramillo', '2002-04-17', 'M', '0990000026', 's.ibarra.j@mail.com', 'Sector Ficoa, Ambato'),
(27, '0900000027', 'Patricia', 'Luna Herrera', '1968-05-23', 'F', '0990000027', 'p.luna.h@mail.com', 'Ciudad Victoria, Loja'),
(28, '0900000028', 'Daniel', 'Salazar Paz', '1997-06-08', 'M', '0990000028', 'd.salazar.p@mail.com', 'Vía a Crucita, Portoviejo'),
(29, '0900000029', 'Rosario', 'Quiroga Ríos', '1954-07-16', 'F', '0990000029', 'r.quiroga.r@mail.com', 'Av. Eloy Alfaro, Quito'),
(30, '0900000030', 'Miguel', 'Díaz Ochoa', '2008-08-31', 'M', '0990000030', 'm.diaz.o@mail.com', 'Puerto Bolívar, Machala'),
(31, '0900000031', 'Valeria', 'Guerrero Bravo', '1983-09-04', 'F', '0990000031', 'v.guerrero.b@mail.com', 'Alborada 12ava etapa, Guayaquil'),
(32, '0900000032', 'Eduardo', 'Román Solís', '1977-10-11', 'M', '0990000032', 'e.roman.s@mail.com', 'González Suárez, Edif. B, Quito'),
(33, '0900000033', 'Silvana', 'Vintimilla Mora', '1991-11-28', 'F', '0990000033', 's.vintimilla.m@mail.com', 'Avenida de la Cultura, Cuenca'),
(34, '0900000034', 'Jorge', 'Paredes Núñez', '2004-12-07', 'M', '0990000034', 'j.paredes.n@mail.com', 'Urdesa Norte, Guayaquil'),
(35, '0900000035', 'Carolina', 'Espinoza Tapia', '1963-01-14', 'F', '0990000035', 'c.espinoza.t@mail.com', 'Centro Histórico, Loja'),
(36, '0900000036', 'Kevin', 'Molina Flores', '1996-02-21', 'M', '0990000036', 'k.molina.f@mail.com', 'Huachi Chico, Ambato'),
(37, '0900000037', 'Tatiana', 'Rivadeneira Cruz', '1979-03-30', 'F', '0990000037', 't.rivadeneira.c@mail.com', 'San Gregorio, Manta'),
(38, '0900000038', 'Marcelo', 'Santana Lema', '2001-04-15', 'M', '0990000038', 'm.santana.l@mail.com', 'Sector La Kennedy, Quito'),
(39, '0900000039', 'Sandra', 'Bustamante Soto', '1966-05-02', 'F', '0990000039', 's.bustamante.s@mail.com', 'Vía a Samborondón, Guayaquil'),
(40, '0900000040', 'Roberto', 'Pérez Mora', '1999-06-11', 'M', '0990000040', 'r.perez.m@mail.com', 'Av. 24 de Mayo, Portoviejo'),
(41, '0900000041', 'Andrea', 'Núñez Véliz', '1956-07-20', 'F', '0990000041', 'a.nunez.v@mail.com', 'Sector 9 de Octubre, Machala'),
(42, '0900000042', 'Darío', 'Freire Solórzano', '2006-08-27', 'M', '0990000042', 'd.freire.s@mail.com', 'Av. Remigio Crespo, Cuenca'),
(43, '0900000043', 'Gabriela', 'López Rivera', '1984-09-08', 'F', '0990000043', 'g.lopez.r@mail.com', 'Ciudadela Los Esteros, Guayaquil'),
(44, '0900000044', 'Gonzalo', 'García Armijos', '1974-10-15', 'M', '0990000044', 'g.garcia.a@mail.com', 'Av. Amazonas, Quito'),
(45, '0900000045', 'Natalia', 'Cuesta Paredes', '1993-11-23', 'F', '0990000045', 'n.cuesta.p@mail.com', 'Los Helechos, Manta'),
(46, '0900000046', 'Vicente', 'Torres Cedeño', '1961-12-04', 'M', '0990000046', 'v.torres.c@mail.com', 'Parque Industrial, Ambato'),
(47, '0900000047', 'Cristina', 'Jaramillo Mora', '1986-01-11', 'F', '0990000047', 'c.jaramillo.m@mail.com', 'El Valle, Loja'),
(48, '0900000048', 'Mauricio', 'León Rivas', '2007-02-18', 'M', '0990000048', 'm.leon.r@mail.com', 'Tarqui, Portoviejo'),
(49, '0900000049', 'Mónica', 'Serrano Bravo', '1953-03-27', 'F', '0990000049', 'm.serrano.b@mail.com', 'Av. Colón, Quito'),
(50, '0900000050', 'Renato', 'Vizuete Saltos', '1990-04-03', 'M', '0990000050', 'r.vizuete.s@mail.com', 'La Inmaculada, Machala'),
(51, '0900000051', 'Diana', 'Ayala Castro', '1976-05-13', 'F', '0990000051', 'd.ayala.c@mail.com', 'Kennedy Norte, Guayaquil'),
(52, '0900000052', 'Erick', 'Dávila Paredes', '2003-06-20', 'M', '0990000052', 'e.davila.p@mail.com', 'Mitad del Mundo, Quito'),
(53, '0900000053', 'Alexandra', 'Pazmiño Lema', '1967-07-07', 'F', '0990000053', 'a.pazmino.l@mail.com', 'Barrio San Agustín, Manta'),
(54, '0900000054', 'Guillermo', 'Herrera Torres', '1995-08-14', 'M', '0990000054', 'g.herrera.t@mail.com', 'Av. 10 de Agosto, Cuenca'),
(55, '0900000055', 'Nelly', 'Armijos Vaca', '1959-09-21', 'F', '0990000055', 'n.armijos.v@mail.com', 'Garzota 2, Guayaquil'),
(56, '0900000056', 'Byron', 'Samaniego Flores', '2000-10-28', 'M', '0990000056', 'b.samaniego.f@mail.com', 'Ingahurco, Ambato'),
(57, '0900000057', 'Yolanda', 'Vásquez Pinto', '1982-11-05', 'F', '0990000057', 'y.vasquez.p@mail.com', 'Las Pitas, Loja'),
(58, '0900000058', 'Héctor', 'Cruz Mendoza', '1973-12-12', 'M', '0990000058', 'h.cruz.m@mail.com', 'Ciudad Jardín, Portoviejo'),
(59, '0900000059', 'Tamara', 'Rojas Castro', '1998-01-19', 'F', '0990000059', 't.rojas.c@mail.com', 'Cumbayá, Quito'),
(60, '0900000060', 'Omar', 'Gavilanes Saltos', '1964-02-26', 'M', '0990000060', 'o.gavilanes.s@mail.com', 'El Cambio, Machala'),
(61, '0900000061', 'Brenda', 'Mera Anchundia', '1988-03-05', 'F', '0990000061', 'b.mera.a@mail.com', 'Mapasingue Este, Guayaquil'),
(62, '0900000062', 'Julio', 'Bermeo Díaz', '2005-04-12', 'M', '0990000062', 'j.bermeo.d@mail.com', 'Chillogallo, Quito'),
(63, '0900000063', 'Katty', 'Palacios Vera', '1970-05-19', 'F', '0990000063', 'k.palacios.v@mail.com', 'Ciudad del Sol, Manta'),
(64, '0900000064', 'Fernando', 'Yépez Mosquera', '1997-06-26', 'M', '0990000064', 'f.yepez.m@mail.com', 'Totoracocha, Cuenca'),
(65, '0900000065', 'Rosa', 'Villamar Cevallos', '1962-07-03', 'F', '0990000065', 'r.villamar.c@mail.com', 'Mucho Lote 2, Guayaquil'),
(66, '0900000066', 'Marco', 'Peralta Vaca', '1989-08-10', 'M', '0990000066', 'm.peralta.v@mail.com', 'Miraflores, Ambato'),
(67, '0900000067', 'Elena', 'Vintimilla León', '2000-09-17', 'F', '0990000067', 'e.vintimilla.l@mail.com', 'Capulí, Loja'),
(68, '0900000068', 'Hugo', 'Macías Reyes', '1955-10-24', 'M', '0990000068', 'h.macias.r@mail.com', 'Los Tamarindos, Portoviejo'),
(69, '0900000069', 'Sofía', 'Delgado Ponce', '1978-11-30', 'F', '0990000069', 's.delgado.p@mail.com', 'La Floresta, Quito'),
(70, '0900000070', 'Ángel', 'Vásquez Mora', '1996-12-08', 'M', '0990000070', 'a.vasquez.m@mail.com', 'Sector El Vergel, Machala'),
(71, '0900000071', 'Paola', 'Noboa Flores', '1969-01-15', 'F', '0990000071', 'p.noboa.f@mail.com', 'Samanes 4, Guayaquil'),
(72, '0900000072', 'Washington', 'Quishpe Guaman', '1993-02-22', 'M', '0990000072', 'w.quishpe.g@mail.com', 'Solanda, Quito'),
(73, '0900000073', 'Verónica', 'Andrade Torres', '1980-03-01', 'F', '0990000073', 'v.andrade.t@mail.com', 'Barrio Miraflores, Manta'),
(74, '0900000074', 'Javier', 'Serrano Bravo', '2007-04-08', 'M', '0990000074', 'j.serrano.b@mail.com', 'El Paraíso, Cuenca'),
(75, '0900000075', 'Laura', 'Zambrano Dueñas', '1965-05-15', 'F', '0990000075', 'l.zambrano.d@mail.com', 'Vía a Daule, Km 15, Guayaquil'),
(76, '0900000076', 'Christian', 'Guamán Lema', '1994-06-22', 'M', '0990000076', 'c.guaman.l@mail.com', 'Centro, Ambato'),
(77, '0900000077', 'Juana', 'Reyes Sánchez', '1958-07-29', 'F', '0990000077', 'j.reyes.s@mail.com', 'Barrio La Tebaida, Loja'),
(78, '0900000078', 'Pedro', 'Vera Macías', '2001-08-05', 'M', '0990000078', 'p.vera.m@mail.com', 'Los Olivos, Portoviejo'),
(79, '0900000079', 'Camila', 'Gómez Jaramillo', '1987-09-12', 'F', '0990000079', 'c.gomez.j@mail.com', 'Av. Occidental, Quito'),
(80, '0900000080', 'Wilson', 'García Paredes', '1972-10-19', 'M', '0990000080', 'w.garcia.p@mail.com', 'Urbanización Unioro, Machala'),
(81, '0900000081', 'Gabriela', 'Bustamante Mora', '1990-11-26', 'F', '0990000081', 'g.bustamante.m@mail.com', 'Ceibos Norte, Guayaquil'),
(82, '0900000082', 'Mario', 'Ordoñez Vaca', '1963-12-03', 'M', '0990000082', 'm.ordonez.v@mail.com', 'La Mariscal, Quito'),
(83, '0900000083', 'Estefanía', 'Pérez Herrera', '1985-01-10', 'F', '0990000083', 'e.perez.h@mail.com', 'Sector La Pradera, Manta'),
(84, '0900000084', 'René', 'León Saltos', '2004-02-17', 'M', '0990000084', 'r.leon.s@mail.com', 'Yanuncay, Cuenca'),
(85, '0900000085', 'Dolores', 'Silva Armijos', '1977-03-24', 'F', '0990000085', 'd.silva.a@mail.com', 'Vía a la Costa, Guayaquil'),
(86, '0900000086', 'Patricio', 'Ramírez Cárdenas', '1995-04-30', 'M', '0990000086', 'p.ramirez.c@mail.com', 'Izamba, Ambato'),
(87, '0900000087', 'Mercedes', 'Torres Benítez', '1960-05-07', 'F', '0990000087', 'm.torres.b@mail.com', 'Carigán, Loja'),
(88, '0900000088', 'Fabián', 'Mera Anchundia', '1983-06-14', 'M', '0990000088', 'f.mera.a@mail.com', 'Ciudadela Universitaria, Portoviejo'),
(89, '0900000089', 'Luz', 'Ramos Sánchez', '2002-07-21', 'F', '0990000089', 'l.ramos.s@mail.com', 'Pomasqui, Quito'),
(90, '0900000090', 'Vicente', 'Díaz Ochoa', '1954-08-28', 'M', '0990000090', 'v.diaz.o@mail.com', 'Centro, Machala'),
(91, '0900000091', 'Angélica', 'Vargas Torres', '1979-09-04', 'F', '0990000091', 'a.vargas.t@mail.com', 'Sector Las Cumbres, Guayaquil'),
(92, '0900000092', 'Rubén', 'Soto León', '1998-10-11', 'M', '0990000092', 'r.soto.l@mail.com', 'Conocoto, Quito'),
(93, '0900000093', 'Genoveva', 'Flores Cedeño', '1961-11-18', 'F', '0990000093', 'g.flores.c@mail.com', 'San Mateo, Manta'),
(94, '0900000094', 'Óscar', 'Cabrera Ruíz', '1984-12-25', 'M', '0990000094', 'o.cabrera.r@mail.com', 'El Vado, Cuenca'),
(95, '0900000095', 'Jéssica', 'Mendoza Paz', '2003-01-01', 'F', '0990000095', 'j.mendoza.p@mail.com', 'La Garzota, Guayaquil'),
(96, '0900000096', 'Arturo', 'Rodríguez Díaz', '1976-02-08', 'M', '0990000096', 'a.rodriguez.d@mail.com', 'Sector La Península, Ambato'),
(97, '0900000097', 'Vanessa', 'Herrera Cruz', '1995-03-15', 'F', '0990000097', 'v.herrera.c@mail.com', 'Zona Franca, Loja'),
(98, '0900000098', 'Xavier', 'Castro Flores', '1968-04-22', 'M', '0990000098', 'x.castro.f@mail.com', 'Vía a Jaramijó, Portoviejo'),
(99, '0900000099', 'Zoe', 'López García', '1981-05-29', 'F', '0990000099', 'z.lopez.g@mail.com', 'El Condado, Quito'),
(100, '0900000100', 'Raúl', 'Martínez Soto', '2000-06-05', 'M', '0990000100', 'r.martinez.s@mail.com', 'Ciudad del Sol, Machala');



-- ******************************************************
-- 3. INSERTS para Rochoa.medicos (100 Registros)
-- ******************************************************
INSERT INTO Rochoa.medicos
(id_especialidad, identificacion, nombres, apellidos, telefono, email, activo)
VALUES
(1,'MED0001','Juan','Pérez','0991000001','medico01@hospital.com',TRUE),
(2,'MED0002','María','Gómez','0991000002','medico02@hospital.com',TRUE),
(3,'MED0003','Carlos','López','0991000003','medico03@hospital.com',TRUE),
(4,'MED0004','Ana','Martínez','0991000004','medico04@hospital.com',TRUE),
(5,'MED0005','Luis','Rodríguez','0991000005','medico05@hospital.com',TRUE),
(6,'MED0006','Sofía','Fernández','0991000006','medico06@hospital.com',TRUE),
(7,'MED0007','Pedro','Sánchez','0991000007','medico07@hospital.com',TRUE),
(8,'MED0008','Lucía','Ramírez','0991000008','medico08@hospital.com',TRUE),
(9,'MED0009','Jorge','Torres','0991000009','medico09@hospital.com',TRUE),
(10,'MED0010','Valeria','Flores','0991000010','medico10@hospital.com',TRUE),

(11,'MED0011','Ricardo','Vargas','0991000011','medico11@hospital.com',TRUE),
(12,'MED0012','Paula','Ríos','0991000012','medico12@hospital.com',TRUE),
(13,'MED0013','Andrés','Mendoza','0991000013','medico13@hospital.com',TRUE),
(14,'MED0014','Natalia','Castro','0991000014','medico14@hospital.com',TRUE),
(15,'MED0015','Fernando','Ortiz','0991000015','medico15@hospital.com',TRUE),
(16,'MED0016','Camila','Silva','0991000016','medico16@hospital.com',TRUE),
(17,'MED0017','Diego','Morales','0991000017','medico17@hospital.com',TRUE),
(18,'MED0018','Daniela','Herrera','0991000018','medico18@hospital.com',TRUE),
(19,'MED0019','Hugo','Paredes','0991000019','medico19@hospital.com',TRUE),
(20,'MED0020','Laura','Cruz','0991000020','medico20@hospital.com',TRUE),

(21,'MED0021','Miguel','Reyes','0991000021','medico21@hospital.com',TRUE),
(22,'MED0022','Andrea','León','0991000022','medico22@hospital.com',TRUE),
(23,'MED0023','Esteban','Guerrero','0991000023','medico23@hospital.com',TRUE),
(24,'MED0024','Carolina','Navarro','0991000024','medico24@hospital.com',TRUE),
(25,'MED0025','Raúl','Peña','0991000025','medico25@hospital.com',TRUE),
(26,'MED0026','Verónica','Campos','0991000026','medico26@hospital.com',TRUE),
(27,'MED0027','Óscar','Delgado','0991000027','medico27@hospital.com',TRUE),
(28,'MED0028','Patricia','Acosta','0991000028','medico28@hospital.com',TRUE),
(29,'MED0029','Iván','Medina','0991000029','medico29@hospital.com',TRUE),
(30,'MED0030','Elena','Suárez','0991000030','medico30@hospital.com',TRUE),

(31,'MED0031','Alberto','Ramos','0991000031','medico31@hospital.com',TRUE),
(32,'MED0032','Mónica','Cabrera','0991000032','medico32@hospital.com',TRUE),
(33,'MED0033','Francisco','Vega','0991000033','medico33@hospital.com',TRUE),
(34,'MED0034','Gabriela','Núñez','0991000034','medico34@hospital.com',TRUE),
(35,'MED0035','Sergio','Aguilar','0991000035','medico35@hospital.com',TRUE),
(36,'MED0036','Lorena','Ibarra','0991000036','medico36@hospital.com',TRUE),
(37,'MED0037','Roberto','Cárdenas','0991000037','medico37@hospital.com',TRUE),
(38,'MED0038','Diana','Valencia','0991000038','medico38@hospital.com',TRUE),
(39,'MED0039','Mauricio','Espinoza','0991000039','medico39@hospital.com',TRUE),
(40,'MED0040','Alejandra','Serrano','0991000040','medico40@hospital.com',TRUE),

(41,'MED0041','Guillermo','Mejía','0991000041','medico41@hospital.com',TRUE),
(42,'MED0042','Silvia','Lara','0991000042','medico42@hospital.com',TRUE),
(43,'MED0043','Cristian','Pinto','0991000043','medico43@hospital.com',TRUE),
(44,'MED0044','Noemí','Fajardo','0991000044','medico44@hospital.com',TRUE),
(45,'MED0045','Álvaro','Roldán','0991000045','medico45@hospital.com',TRUE),
(46,'MED0046','Beatriz','Salinas','0991000046','medico46@hospital.com',TRUE),
(47,'MED0047','Javier','Coronel','0991000047','medico47@hospital.com',TRUE),
(48,'MED0048','Rocío','Lemos','0991000048','medico48@hospital.com',TRUE),
(49,'MED0049','Pablo','Mora','0991000049','medico49@hospital.com',TRUE),
(50,'MED0050','Cecilia','Arévalo','0991000050','medico50@hospital.com',TRUE),

(51,'MED0051','Tomás','Barrera','0991000051','medico51@hospital.com',TRUE),
(52,'MED0052','Nadia','Quiroga','0991000052','medico52@hospital.com',TRUE),
(53,'MED0053','Emilio','Sandoval','0991000053','medico53@hospital.com',TRUE),
(54,'MED0054','Karen','Londoño','0991000054','medico54@hospital.com',TRUE),
(55,'MED0055','Felipe','Cortés','0991000055','medico55@hospital.com',TRUE),
(56,'MED0056','Juliana','Zúñiga','0991000056','medico56@hospital.com',TRUE),
(57,'MED0057','Rodrigo','Palacios','0991000057','medico57@hospital.com',TRUE),
(58,'MED0058','Marisol','Tapia','0991000058','medico58@hospital.com',TRUE),
(59,'MED0059','René','Montoya','0991000059','medico59@hospital.com',TRUE),
(60,'MED0060','Elsa','Bermúdez','0991000060','medico60@hospital.com',TRUE),

(61,'MED0061','Víctor','Carrillo','0991000061','medico61@hospital.com',TRUE),
(62,'MED0062','Irene','Bustillos','0991000062','medico62@hospital.com',TRUE),
(63,'MED0063','Samuel','Urbina','0991000063','medico63@hospital.com',TRUE),
(64,'MED0064','Paola','Villamar','0991000064','medico64@hospital.com',TRUE),
(65,'MED0065','Hernán','Bravo','0991000065','medico65@hospital.com',TRUE),
(66,'MED0066','Yolanda','Patiño','0991000066','medico66@hospital.com',TRUE),
(67,'MED0067','Nicolás','Santana','0991000067','medico67@hospital.com',TRUE),
(68,'MED0068','Liliana','Ocampo','0991000068','medico68@hospital.com',TRUE),
(69,'MED0069','Marcos','Gaitán','0991000069','medico69@hospital.com',TRUE),
(70,'MED0070','Adriana','Quintero','0991000070','medico70@hospital.com',TRUE),

(71,'MED0071','Kevin','Cifuentes','0991000071','medico71@hospital.com',TRUE),
(72,'MED0072','Ruth','Benavides','0991000072','medico72@hospital.com',TRUE),
(73,'MED0073','Sebastián','Ojeda','0991000073','medico73@hospital.com',TRUE),
(74,'MED0074','Fabiola','Peralta','0991000074','medico74@hospital.com',TRUE),
(75,'MED0075','Alex','Rosero','0991000075','medico75@hospital.com',TRUE),
(76,'MED0076','Miriam','Lucero','0991000076','medico76@hospital.com',TRUE),
(77,'MED0077','Wilson','Alarcón','0991000077','medico77@hospital.com',TRUE),
(78,'MED0078','Denisse','Guamán','0991000078','medico78@hospital.com',TRUE),
(79,'MED0079','Cristóbal','Pacheco','0991000079','medico79@hospital.com',TRUE),
(80,'MED0080','Tatiana','Moya','0991000080','medico80@hospital.com',TRUE),

(81,'MED0081','Leonardo','Rivadeneira','0991000081','medico81@hospital.com',TRUE),
(82,'MED0082','Karla','Villalba','0991000082','medico82@hospital.com',TRUE),
(83,'MED0083','Fabián','Ordóñez','0991000083','medico83@hospital.com',TRUE),
(84,'MED0084','Gloria','Chávez','0991000084','medico84@hospital.com',TRUE),
(85,'MED0085','Edison','Loor','0991000085','medico85@hospital.com',TRUE),
(86,'MED0086','Patricio','Delgado','0991000086','medico86@hospital.com',TRUE),
(87,'MED0087','Vanessa','Coral','0991000087','medico87@hospital.com',TRUE),
(88,'MED0088','Henry','Gavilánez','0991000088','medico88@hospital.com',TRUE),
(89,'MED0089','Jessica','Solórzano','0991000089','medico89@hospital.com',TRUE),
(90,'MED0090','Mauricio','Bolaños','0991000090','medico90@hospital.com',TRUE),

(91,'MED0091','Mario','Benítez','0991000091','medico91@hospital.com',TRUE),
(92,'MED0092','Rosa','Arias','0991000092','medico92@hospital.com',TRUE),
(93,'MED0093','Julio','Salazar','0991000093','medico93@hospital.com',TRUE),
(94,'MED0094','Claudia','Correa','0991000094','medico94@hospital.com',TRUE),
(95,'MED0095','Adrián','Figueroa','0991000095','medico95@hospital.com',TRUE),
(96,'MED0096','Mónica','Zamora','0991000096','medico96@hospital.com',TRUE),
(97,'MED0097','Bruno','Cordero','0991000097','medico97@hospital.com',TRUE),
(98,'MED0098','Isabel','Ojeda','0991000098','medico98@hospital.com',TRUE),
(99,'MED0099','Renato','Bustamante','0991000099','medico99@hospital.com',TRUE),
(100,'MED0100','Lorena','Maldonado','0991000100','medico100@hospital.com',TRUE);





-- ******************************************************
-- 4. INSERTS para Rochoa.citas (100 Registros)
-- Asignación cíclica de id_paciente y id_medico (1-100)
-- ******************************************************
INSERT INTO Rochoa.citas (id_cita, id_paciente, id_medico, fecha, hora, estado) VALUES (1, 1, 1, '2025-12-20', '10:00:00', 'PROGRAMADA');
INSERT INTO Rochoa.citas (id_cita, id_paciente, id_medico, fecha, hora, estado) VALUES (2, 2, 2, '2025-12-18', '14:30:00', 'ATENDIDA');
INSERT INTO Rochoa.citas (id_cita, id_paciente, id_medico, fecha, hora, estado) VALUES (3, 3, 3, '2025-12-21', '09:00:00', 'PROGRAMADA');
INSERT INTO Rochoa.citas (id_cita, id_paciente, id_medico, fecha, hora, estado) VALUES (4, 4, 4, '2025-12-19', '11:00:00', 'CANCELADA');
INSERT INTO Rochoa.citas (id_cita, id_paciente, id_medico, fecha, hora, estado) VALUES (5, 5, 5, '2025-12-18', '16:00:00', 'ATENDIDA');
INSERT INTO Rochoa.citas (id_cita, id_paciente, id_medico, fecha, hora, estado) VALUES (6, 6, 6, '2025-12-20', '08:30:00', 'PROGRAMADA');
INSERT INTO Rochoa.citas (id_cita, id_paciente, id_medico, fecha, hora, estado) VALUES (7, 7, 7, '2025-12-22', '15:00:00', 'PROGRAMADA');
INSERT INTO Rochoa.citas (id_cita, id_paciente, id_medico, fecha, hora, estado) VALUES (8, 8, 8, '2025-12-16', '10:00:00', 'ATENDIDA');
INSERT INTO Rochoa.citas (id_cita, id_paciente, id_medico, fecha, hora, estado) VALUES (9, 9, 9, '2025-12-23', '11:30:00', 'PROGRAMADA');
INSERT INTO Rochoa.citas (id_cita, id_paciente, id_medico, fecha, hora, estado) VALUES (10, 10, 10, '2025-12-17', '13:00:00', 'ATENDIDA');
-- 90 registros adicionales con fechas futuras, pasadas y estados mixtos
INSERT INTO Rochoa.citas (id_cita, id_paciente, id_medico, fecha, hora, estado) VALUES (11, 11, 11, '2026-01-05', '09:30:00', 'PROGRAMADA');
INSERT INTO Rochoa.citas (id_cita, id_paciente, id_medico, fecha, hora, estado) VALUES (12, 12, 12, '2025-11-25', '11:00:00', 'ATENDIDA');
INSERT INTO Rochoa.citas (id_cita, id_paciente, id_medico, fecha, hora, estado) VALUES (13, 13, 13, '2026-02-10', '14:00:00', 'CANCELADA');
INSERT INTO Rochoa.citas (id_cita, id_paciente, id_medico, fecha, hora, estado) VALUES (14, 14, 14, '2025-12-24', '17:00:00', 'PROGRAMADA');
INSERT INTO Rochoa.citas (id_cita, id_paciente, id_medico, fecha, hora, estado) VALUES (15, 15, 15, '2025-11-01', '08:00:00', 'ATENDIDA');
INSERT INTO Rochoa.citas (id_cita, id_paciente, id_medico, fecha, hora, estado) VALUES (16, 16, 16, '2026-03-01', '10:30:00', 'PROGRAMADA');
INSERT INTO Rochoa.citas (id_cita, id_paciente, id_medico, fecha, hora, estado) VALUES (17, 17, 17, '2025-10-15', '12:00:00', 'ATENDIDA');
INSERT INTO Rochoa.citas (id_cita, id_paciente, id_medico, fecha, hora, estado) VALUES (18, 18, 18, '2026-04-05', '15:30:00', 'CANCELADA');
INSERT INTO Rochoa.citas (id_cita, id_paciente, id_medico, fecha, hora, estado) VALUES (19, 19, 19, '2025-12-26', '16:30:00', 'PROGRAMADA');
INSERT INTO Rochoa.citas (id_cita, id_paciente, id_medico, fecha, hora, estado) VALUES (20, 20, 20, '2025-09-20', '09:00:00', 'ATENDIDA');
INSERT INTO Rochoa.citas (id_cita, id_paciente, id_medico, fecha, hora, estado) VALUES (21, 21, 21, '2026-01-15', '11:00:00', 'PROGRAMADA');
INSERT INTO Rochoa.citas (id_cita, id_paciente, id_medico, fecha, hora, estado) VALUES (22, 22, 22, '2025-11-05', '13:00:00', 'ATENDIDA');
INSERT INTO Rochoa.citas (id_cita, id_paciente, id_medico, fecha, hora, estado) VALUES (23, 23, 23, '2026-02-20', '14:30:00', 'CANCELADA');
INSERT INTO Rochoa.citas (id_cita, id_paciente, id_medico, fecha, hora, estado) VALUES (24, 24, 24, '2025-12-28', '10:00:00', 'PROGRAMADA');
INSERT INTO Rochoa.citas (id_cita, id_paciente, id_medico, fecha, hora, estado) VALUES (25, 25, 25, '2025-10-01', '11:30:00', 'ATENDIDA');
INSERT INTO Rochoa.citas (id_cita, id_paciente, id_medico, fecha, hora, estado) VALUES (26, 26, 26, '2026-03-10', '15:00:00', 'PROGRAMADA');
INSERT INTO Rochoa.citas (id_cita, id_paciente, id_medico, fecha, hora, estado) VALUES (27, 27, 27, '2025-09-10', '16:00:00', 'ATENDIDA');
INSERT INTO Rochoa.citas (id_cita, id_paciente, id_medico, fecha, hora, estado) VALUES (28, 28, 28, '2026-04-15', '08:00:00', 'CANCELADA');
INSERT INTO Rochoa.citas (id_cita, id_paciente, id_medico, fecha, hora, estado) VALUES (29, 29, 29, '2025-12-30', '09:30:00', 'PROGRAMADA');
INSERT INTO Rochoa.citas (id_cita, id_paciente, id_medico, fecha, hora, estado) VALUES (30, 30, 30, '2025-08-25', '12:30:00', 'ATENDIDA');
INSERT INTO Rochoa.citas (id_cita, id_paciente, id_medico, fecha, hora, estado) VALUES (31, 31, 31, '2026-01-20', '14:00:00', 'PROGRAMADA');
INSERT INTO Rochoa.citas (id_cita, id_paciente, id_medico, fecha, hora, estado) VALUES (32, 32, 32, '2025-10-20', '15:00:00', 'ATENDIDA');
INSERT INTO Rochoa.citas (id_cita, id_paciente, id_medico, fecha, hora, estado) VALUES (33, 33, 33, '2026-02-25', '17:00:00', 'CANCELADA');
INSERT INTO Rochoa.citas (id_cita, id_paciente, id_medico, fecha, hora, estado) VALUES (34, 34, 34, '2025-12-27', '08:30:00', 'PROGRAMADA');
INSERT INTO Rochoa.citas (id_cita, id_paciente, id_medico, fecha, hora, estado) VALUES (35, 35, 35, '2025-09-05', '10:00:00', 'ATENDIDA');
INSERT INTO Rochoa.citas (id_cita, id_paciente, id_medico, fecha, hora, estado) VALUES (36, 36, 36, '2026-03-20', '11:30:00', 'PROGRAMADA');
INSERT INTO Rochoa.citas (id_cita, id_paciente, id_medico, fecha, hora, estado) VALUES (37, 37, 37, '2025-08-10', '13:30:00', 'ATENDIDA');
INSERT INTO Rochoa.citas (id_cita, id_paciente, id_medico, fecha, hora, estado) VALUES (38, 38, 38, '2026-04-20', '15:00:00', 'CANCELADA');
INSERT INTO Rochoa.citas (id_cita, id_paciente, id_medico, fecha, hora, estado) VALUES (39, 39, 39, '2026-01-01', '16:30:00', 'PROGRAMADA');
INSERT INTO Rochoa.citas (id_cita, id_paciente, id_medico, fecha, hora, estado) VALUES (40, 40, 40, '2025-07-25', '09:00:00', 'ATENDIDA');
INSERT INTO Rochoa.citas (id_cita, id_paciente, id_medico, fecha, hora, estado) VALUES (41, 41, 41, '2026-01-25', '10:00:00', 'PROGRAMADA');
INSERT INTO Rochoa.citas (id_cita, id_paciente, id_medico, fecha, hora, estado) VALUES (42, 42, 42, '2025-10-25', '11:30:00', 'ATENDIDA');
INSERT INTO Rochoa.citas (id_cita, id_paciente, id_medico, fecha, hora, estado) VALUES (43, 43, 43, '2026-03-01', '13:00:00', 'CANCELADA');
INSERT INTO Rochoa.citas (id_cita, id_paciente, id_medico, fecha, hora, estado) VALUES (44, 44, 44, '2026-01-03', '14:30:00', 'PROGRAMADA');
INSERT INTO Rochoa.citas (id_cita, id_paciente, id_medico, fecha, hora, estado) VALUES (45, 45, 45, '2025-09-25', '16:00:00', 'ATENDIDA');
INSERT INTO Rochoa.citas (id_cita, id_paciente, id_medico, fecha, hora, estado) VALUES (46, 46, 46, '2026-03-25', '08:00:00', 'PROGRAMADA');
INSERT INTO Rochoa.citas (id_cita, id_paciente, id_medico, fecha, hora, estado) VALUES (47, 47, 47, '2025-08-20', '09:30:00', 'ATENDIDA');
INSERT INTO Rochoa.citas (id_cita, id_paciente, id_medico, fecha, hora, estado) VALUES (48, 48, 48, '2026-04-25', '10:30:00', 'CANCELADA');
INSERT INTO Rochoa.citas (id_cita, id_paciente, id_medico, fecha, hora, estado) VALUES (49, 49, 49, '2026-01-05', '11:00:00', 'PROGRAMADA');
INSERT INTO Rochoa.citas (id_cita, id_paciente, id_medico, fecha, hora, estado) VALUES (50, 50, 50, '2025-07-15', '12:00:00', 'ATENDIDA');
INSERT INTO Rochoa.citas (id_cita, id_paciente, id_medico, fecha, hora, estado) VALUES (51, 51, 51, '2026-01-30', '13:00:00', 'PROGRAMADA');
INSERT INTO Rochoa.citas (id_cita, id_paciente, id_medico, fecha, hora, estado) VALUES (52, 52, 52, '2025-10-10', '14:00:00', 'ATENDIDA');
INSERT INTO Rochoa.citas (id_cita, id_paciente, id_medico, fecha, hora, estado) VALUES (53, 53, 53, '2026-03-05', '15:00:00', 'CANCELADA');
INSERT INTO Rochoa.citas (id_cita, id_paciente, id_medico, fecha, hora, estado) VALUES (54, 54, 54, '2026-01-07', '16:00:00', 'PROGRAMADA');
INSERT INTO Rochoa.citas (id_cita, id_paciente, id_medico, fecha, hora, estado) VALUES (55, 55, 55, '2025-09-10', '08:30:00', 'ATENDIDA');
INSERT INTO Rochoa.citas (id_cita, id_paciente, id_medico, fecha, hora, estado) VALUES (56, 56, 56, '2026-03-30', '10:00:00', 'PROGRAMADA');
INSERT INTO Rochoa.citas (id_cita, id_paciente, id_medico, fecha, hora, estado) VALUES (57, 57, 57, '2025-08-05', '11:00:00', 'ATENDIDA');
INSERT INTO Rochoa.citas (id_cita, id_paciente, id_medico, fecha, hora, estado) VALUES (58, 58, 58, '2026-05-01', '12:30:00', 'CANCELADA');
INSERT INTO Rochoa.citas (id_cita, id_paciente, id_medico, fecha, hora, estado) VALUES (59, 59, 59, '2026-01-10', '14:00:00', 'PROGRAMADA');
INSERT INTO Rochoa.citas (id_cita, id_paciente, id_medico, fecha, hora, estado) VALUES (60, 60, 60, '2025-07-01', '15:30:00', 'ATENDIDA');
INSERT INTO Rochoa.citas (id_cita, id_paciente, id_medico, fecha, hora, estado) VALUES (61, 61, 61, '2026-02-05', '16:30:00', 'PROGRAMADA');
INSERT INTO Rochoa.citas (id_cita, id_paciente, id_medico, fecha, hora, estado) VALUES (62, 62, 62, '2025-11-15', '09:00:00', 'ATENDIDA');
INSERT INTO Rochoa.citas (id_cita, id_paciente, id_medico, fecha, hora, estado) VALUES (63, 63, 63, '2026-03-10', '10:00:00', 'CANCELADA');
INSERT INTO Rochoa.citas (id_cita, id_paciente, id_medico, fecha, hora, estado) VALUES (64, 64, 64, '2026-01-12', '11:00:00', 'PROGRAMADA');
INSERT INTO Rochoa.citas (id_cita, id_paciente, id_medico, fecha, hora, estado) VALUES (65, 65, 65, '2025-10-05', '12:00:00', 'ATENDIDA');
INSERT INTO Rochoa.citas (id_cita, id_paciente, id_medico, fecha, hora, estado) VALUES (66, 66, 66, '2026-04-05', '13:00:00', 'PROGRAMADA');
INSERT INTO Rochoa.citas (id_cita, id_paciente, id_medico, fecha, hora, estado) VALUES (67, 67, 67, '2025-09-01', '14:00:00', 'ATENDIDA');
INSERT INTO Rochoa.citas (id_cita, id_paciente, id_medico, fecha, hora, estado) VALUES (68, 68, 68, '2026-05-05', '15:00:00', 'CANCELADA');
INSERT INTO Rochoa.citas (id_cita, id_paciente, id_medico, fecha, hora, estado) VALUES (69, 69, 69, '2026-01-15', '16:00:00', 'PROGRAMADA');
INSERT INTO Rochoa.citas (id_cita, id_paciente, id_medico, fecha, hora, estado) VALUES (70, 70, 70, '2025-06-25', '08:00:00', 'ATENDIDA');
INSERT INTO Rochoa.citas (id_cita, id_paciente, id_medico, fecha, hora, estado) VALUES (71, 71, 71, '2026-02-10', '09:00:00', 'PROGRAMADA');
INSERT INTO Rochoa.citas (id_cita, id_paciente, id_medico, fecha, hora, estado) VALUES (72, 72, 72, '2025-11-20', '10:00:00', 'ATENDIDA');
INSERT INTO Rochoa.citas (id_cita, id_paciente, id_medico, fecha, hora, estado) VALUES (73, 73, 73, '2026-03-15', '11:00:00', 'CANCELADA');
INSERT INTO Rochoa.citas (id_cita, id_paciente, id_medico, fecha, hora, estado) VALUES (74, 74, 74, '2026-01-18', '12:00:00', 'PROGRAMADA');
INSERT INTO Rochoa.citas (id_cita, id_paciente, id_medico, fecha, hora, estado) VALUES (75, 75, 75, '2025-09-20', '13:00:00', 'ATENDIDA');
INSERT INTO Rochoa.citas (id_cita, id_paciente, id_medico, fecha, hora, estado) VALUES (76, 76, 76, '2026-04-10', '14:00:00', 'PROGRAMADA');
INSERT INTO Rochoa.citas (id_cita, id_paciente, id_medico, fecha, hora, estado) VALUES (77, 77, 77, '2025-08-15', '15:00:00', 'ATENDIDA');
INSERT INTO Rochoa.citas (id_cita, id_paciente, id_medico, fecha, hora, estado) VALUES (78, 78, 78, '2026-05-10', '16:00:00', 'CANCELADA');
INSERT INTO Rochoa.citas (id_cita, id_paciente, id_medico, fecha, hora, estado) VALUES (79, 79, 79, '2026-01-20', '08:30:00', 'PROGRAMADA');
INSERT INTO Rochoa.citas (id_cita, id_paciente, id_medico, fecha, hora, estado) VALUES (80, 80, 80, '2025-06-10', '09:30:00', 'ATENDIDA');
INSERT INTO Rochoa.citas (id_cita, id_paciente, id_medico, fecha, hora, estado) VALUES (81, 81, 81, '2026-02-15', '10:30:00', 'PROGRAMADA');
INSERT INTO Rochoa.citas (id_cita, id_paciente, id_medico, fecha, hora, estado) VALUES (82, 82, 82, '2025-11-25', '11:30:00', 'ATENDIDA');
INSERT INTO Rochoa.citas (id_cita, id_paciente, id_medico, fecha, hora, estado) VALUES (83, 83, 83, '2026-03-20', '12:30:00', 'CANCELADA');
INSERT INTO Rochoa.citas (id_cita, id_paciente, id_medico, fecha, hora, estado) VALUES (84, 84, 84, '2026-01-23', '13:30:00', 'PROGRAMADA');
INSERT INTO Rochoa.citas (id_cita, id_paciente, id_medico, fecha, hora, estado) VALUES (85, 85, 85, '2025-09-15', '14:30:00', 'ATENDIDA');
INSERT INTO Rochoa.citas (id_cita, id_paciente, id_medico, fecha, hora, estado) VALUES (86, 86, 86, '2026-04-15', '15:30:00', 'PROGRAMADA');
INSERT INTO Rochoa.citas (id_cita, id_paciente, id_medico, fecha, hora, estado) VALUES (87, 87, 87, '2025-08-01', '16:30:00', 'ATENDIDA');
INSERT INTO Rochoa.citas (id_cita, id_paciente, id_medico, fecha, hora, estado) VALUES (88, 88, 88, '2026-05-15', '08:00:00', 'CANCELADA');
INSERT INTO Rochoa.citas (id_cita, id_paciente, id_medico, fecha, hora, estado) VALUES (89, 89, 89, '2026-01-25', '09:00:00', 'PROGRAMADA');
INSERT INTO Rochoa.citas (id_cita, id_paciente, id_medico, fecha, hora, estado) VALUES (90, 90, 90, '2025-05-25', '10:00:00', 'ATENDIDA');
INSERT INTO Rochoa.citas (id_cita, id_paciente, id_medico, fecha, hora, estado) VALUES (91, 91, 91, '2026-02-20', '11:00:00', 'PROGRAMADA');
INSERT INTO Rochoa.citas (id_cita, id_paciente, id_medico, fecha, hora, estado) VALUES (92, 92, 92, '2025-10-05', '12:00:00', 'ATENDIDA');
INSERT INTO Rochoa.citas (id_cita, id_paciente, id_medico, fecha, hora, estado) VALUES (93, 93, 93, '2026-03-25', '13:00:00', 'CANCELADA');
INSERT INTO Rochoa.citas (id_cita, id_paciente, id_medico, fecha, hora, estado) VALUES (94, 94, 94, '2026-01-28', '14:00:00', 'PROGRAMADA');
INSERT INTO Rochoa.citas (id_cita, id_paciente, id_medico, fecha, hora, estado) VALUES (95, 95, 95, '2025-09-01', '15:00:00', 'ATENDIDA');
INSERT INTO Rochoa.citas (id_cita, id_paciente, id_medico, fecha, hora, estado) VALUES (96, 96, 96, '2026-04-20', '16:00:00', 'PROGRAMADA');
INSERT INTO Rochoa.citas (id_cita, id_paciente, id_medico, fecha, hora, estado) VALUES (97, 97, 97, '2025-07-20', '08:30:00', 'ATENDIDA');
INSERT INTO Rochoa.citas (id_cita, id_paciente, id_medico, fecha, hora, estado) VALUES (98, 98, 98, '2026-05-20', '09:30:00', 'CANCELADA');
INSERT INTO Rochoa.citas (id_cita, id_paciente, id_medico, fecha, hora, estado) VALUES (99, 99, 99, '2026-01-30', '10:30:00', 'PROGRAMADA');
INSERT INTO Rochoa.citas (id_cita, id_paciente, id_medico, fecha, hora, estado) VALUES (100, 100, 100, '2025-05-15', '11:30:00', 'ATENDIDA');

-- ******************************************************
-- 5. INSERTS para Rochoa.consultas 
-- ******************************************************
INSERT INTO Rochoa.consultas
(id_consulta, id_cita, motivo_consulta, diagnostico, tratamiento, observaciones)
VALUES
(1,1,'Dolor de cabeza recurrente','Cefalea tensional','Analgésicos y descanso','Seguimiento psicológico.'),
(2,2,'Chequeo general preventivo','Paciente sano','Dieta balanceada y ejercicio','Control en 6 meses.'),
(3,3,'Dolor de rodilla','Artritis leve','Fisioterapia','Evitar impacto.'),
(4,4,'Control prenatal inicial','Embarazo normal','Vitaminas prenatales','Nueva cita en 4 semanas.'),
(5,5,'Manchas en la piel','Dermatitis atópica','Crema tópica','Evitar sol.'),

(6,6,'Fiebre y tos','Resfriado común','Paracetamol','Regresar si empeora.'),
(7,7,'Control visual','Miopía leve','Actualizar lentes','Control anual.'),
(8,8,'Dolor lumbar','Lumbalgia mecánica','Reposo y analgésicos','Evaluar fisioterapia.'),
(9,9,'Control presión arterial','Hipertensión controlada','Mantener medicación','Control diario.'),
(10,10,'Fatiga constante','Anemia ferropénica','Hierro oral','Repetir exámenes.'),

(11,11,'Lesión deportiva','Esguince grado I','Vendaje y reposo','10 días reposo.'),
(12,12,'Insomnio','Insomnio transitorio','Higiene del sueño','Evitar cafeína.'),
(13,13,'Dificultad respiratoria','Asma leve','Inhalador','Evitar polvo.'),
(14,14,'Revisión de lunar','Nevus benigno','Observación','Control anual.'),
(15,15,'Dolor abdominal','Gastritis','IBP','Reducir estrés.'),

(16,16,'Chequeo pediátrico','Desarrollo normal','Vacunas completas','Control trimestral.'),
(17,17,'Ardor al orinar','Infección urinaria','Antibiótico','Beber agua.'),
(18,18,'Postoperatorio','Evolución favorable','Curaciones','Retiro de puntos.'),
(19,19,'Control tiroides','Hipotiroidismo estable','Ajuste dosis','Control 2 meses.'),
(20,20,'Dolor cervical','Contractura muscular','Relajantes','Ejercicios.'),

(21,21,'Revisión ginecológica','Normal','Control anual','Hábitos saludables.'),
(22,22,'Glucosa elevada','Diabetes tipo 2','Ajuste tratamiento','Control glicémico.'),
(23,23,'Vértigo','VPPB','Maniobra de Epley','Evitar movimientos bruscos.'),
(24,24,'Erupción cutánea','Alergia alimentaria','Antihistamínicos','Evitar alérgeno.'),
(25,25,'Dolor dental','Caries profunda','Derivar odontología','Analgésico.'),

(26,26,'Control cadera','Post quirúrgico estable','Fisioterapia','Marcha asistida.'),
(27,27,'Tos persistente','Bronquitis crónica','Nebulizaciones','Evitar frío.'),
(28,28,'Control nutricional','Obesidad grado I','Plan nutricional','Seguimiento.'),
(29,29,'Dolor de oído','Otitis media','Antibiótico','No mojar oído.'),
(30,30,'Control próstata','HPB leve','Tratamiento médico','Control anual.'),

(31,31,'Rehabilitación','Post LCA','Fisioterapia','3 meses.'),
(32,32,'Ansiedad','Trastorno de ansiedad','Psicoterapia','Evaluar medicación.'),
(33,33,'Visión borrosa','Presbicia','Lentes lectura','Control anual.'),
(34,34,'Quemadura solar','Dermatitis solar','Crema hidratante','Evitar sol.'),
(35,35,'Control embarazo','Embarazo normal','Monitoreo fetal','Seguimiento.'),

(36,36,'Control niño sano','Desarrollo adecuado','Estimulación','Vacunas.'),
(37,37,'Dolor articular','Artrosis leve','Suplementos','Ejercicio suave.'),
(38,38,'Dolor lumbar crónico','Hernia discal','Manejo conservador','Derivar neuro.'),
(39,39,'Fatiga post viral','Síndrome fatiga','Reposo','Evaluar sueño.'),
(40,40,'Chequeo general','Paciente sano','Prevención','Control anual.'),

(41,41,'Palpitaciones','Ansiedad','Relajación','ECG.'),
(42,42,'Dolor torácico','Costocondritis','Antiinflamatorios','Reposo.'),
(43,43,'Caída de cabello','Alopecia','Minoxidil','Seguimiento dermato.'),
(44,44,'Ojo rojo','Conjuntivitis','Gotas antibióticas','Higiene ocular.'),
(45,45,'Estreñimiento','Tránsito lento','Fibra','Actividad física.'),

(46,46,'Dolor hombro','Tendinitis','Fisioterapia','Reposo relativo.'),
(47,47,'Dolor garganta','Faringitis viral','Sintomático','No antibiótico.'),
(48,48,'Edema piernas','Insuficiencia venosa','Medias compresivas','Elevar piernas.'),
(49,49,'Dolor menstrual','Dismenorrea','Analgésicos','Control ginecológico.'),
(50,50,'Chequeo cardiaco','Normal','Seguimiento','ECG anual.'),

(51,51,'Pérdida auditiva','Presbiacusia','Audífono','Evaluación ORL.'),
(52,52,'Dolor testicular','Orquitis','Antibiótico','Reposo.'),
(53,53,'Control post covid','Secuelas leves','Ejercicios respiratorios','Seguimiento.'),
(54,54,'Dolor facial','Sinusitis','Antibiótico','Lavados nasales.'),
(55,55,'Hipotiroidismo','Descompensado','Ajuste hormonal','Laboratorio.'),

(56,56,'Control neurológico','Normal','Observación','Control anual.'),
(57,57,'Dolor muñeca','Túnel carpiano','Férula','Electromiografía.'),
(58,58,'Alteración del sueño','Terrores nocturnos','Higiene del sueño','Seguimiento.'),
(59,59,'Pérdida de peso','Hipertiroidismo','Tratamiento','Control hormonal.'),
(60,60,'Control geriátrico','Fragilidad leve','Suplementos','Ejercicio.'),

(61,61,'Dolor talón','Fascitis plantar','Plantillas','Estiramientos.'),
(62,62,'Control renal','Función estable','Hidratación','Control anual.'),
(63,63,'Dolor lumbar embarazo','Sobrecarga','Ejercicios','Faja lumbar.'),
(64,64,'Rinitis','Alergia estacional','Antihistamínicos','Evitar polvo.'),
(65,65,'Desnutrición leve','Déficit nutricional','Plan nutricional','Seguimiento.'),

(66,66,'Dolor abdominal niño','Parásitos','Antiparasitario','Higiene.'),
(67,67,'Dolor mandibular','Bruxismo','Placa dental','Relajación.'),
(68,68,'Control oncológico','Remisión','Seguimiento','Control semestral.'),
(69,69,'Fatiga laboral','Estrés crónico','Psicoterapia','Reducir carga.'),
(70,70,'Control vascular','Insuficiencia leve','Ejercicio','Seguimiento.'),

(71,71,'Dolor al caminar','Claudicación','Evaluación vascular','Eco doppler.'),
(72,72,'Control respiratorio','EPOC leve','Broncodilatador','Suspender tabaco.'),
(73,73,'Lesión piel','Queratosis','Crioterapia','Control.'),
(74,74,'Dolor cervical','Cervicalgia','Fisioterapia','Postura correcta.'),
(75,75,'Control endocrino','Síndrome metabólico','Dieta','Seguimiento.'),

(76,76,'Dolor post vacuna','Reacción local','Analgésico','Observación.'),
(77,77,'Revisión visual','Catarata inicial','Observación','Control anual.'),
(78,78,'Dolor epigástrico','Reflujo','IBP','Evitar grasas.'),
(79,79,'Infección piel','Celulitis','Antibiótico','Control 48h.'),
(80,80,'Chequeo general','Paciente sano','Prevención','Control anual.'),

(81,81,'Dolor lumbar','Escoliosis leve','Fisioterapia','Postura.'),
(82,82,'Control inmunológico','Normal','Vacunas','Seguimiento.'),
(83,83,'Dolor manos','Artritis reumatoide','DMARDs','Reumatología.'),
(84,84,'Evaluación cognitiva','Deterioro leve','Estimulación','Seguimiento.'),
(85,85,'Ojo irritado','Blefaritis','Higiene palpebral','Gotas.'),

(86,86,'Control lípidos','Hipercolesterolemia','Estatinas','Dieta.'),
(87,87,'Dolor torácico','Angina estable','Nitratos','Cardiología.'),
(88,88,'Control peso','Sobrepeso','Plan alimenticio','Actividad física.'),
(89,89,'Dolor dental niño','Caries','Tratamiento dental','Higiene.'),
(90,90,'Revisión anual','Salud estable','Prevención','Control.'),

(91,91,'Dolor talón','Espolón calcáneo','Fisioterapia','Plantillas.'),
(92,92,'Control epilepsia','Epilepsia controlada','Ajuste medicación','EEG.'),
(93,93,'Dolor pélvico','Quiste ovárico','Observación','Ecografía.'),
(94,94,'Asma pediátrica','Asma controlada','Inhalador','Seguimiento.'),
(95,95,'Lesión muscular','Desgarro leve','Reposo','Fisioterapia.'),

(96,96,'Arritmia','Arritmia benigna','Observación','Holter.'),
(97,97,'Dolor lumbar','Ciática','Analgésicos','Fisioterapia.'),
(98,98,'Post cirugía','Evolución normal','Curaciones','Alta médica.'),
(99,99,'Dolor crónico','Fibromialgia','Manejo integral','Seguimiento.'),
(100,100,'Chequeo integral','Paciente sano','Prevención','Control anual.');



-- ******************************************************
-- 6. INSERTS para Rochoa.pagos (100 Registros)
-- ******************************************************
INSERT INTO Rochoa.pagos (id_pago, id_cita, monto, metodo_pago) VALUES (1, 1, 60.00, 'TARJETA');
INSERT INTO Rochoa.pagos (id_pago, id_cita, monto, metodo_pago) VALUES (2, 2, 75.00, 'EFECTIVO');
INSERT INTO Rochoa.pagos (id_pago, id_cita, monto, metodo_pago) VALUES (3, 3, 60.00, 'TRANSFERENCIA');
INSERT INTO Rochoa.pagos (id_pago, id_cita, monto, metodo_pago) VALUES (4, 4, 30.00, 'TARJETA'); -- Pago de penalidad por cancelación
INSERT INTO Rochoa.pagos (id_pago, id_cita, monto, metodo_pago) VALUES (5, 5, 80.00, 'EFECTIVO');
INSERT INTO Rochoa.pagos (id_pago, id_cita, monto, metodo_pago) VALUES (6, 6, 60.00, 'TRANSFERENCIA');
INSERT INTO Rochoa.pagos (id_pago, id_cita, monto, metodo_pago) VALUES (7, 7, 70.00, 'TARJETA');
INSERT INTO Rochoa.pagos (id_pago, id_cita, monto, metodo_pago) VALUES (8, 8, 50.00, 'EFECTIVO');
INSERT INTO Rochoa.pagos (id_pago, id_cita, monto, metodo_pago) VALUES (9, 9, 70.00, 'TRANSFERENCIA');
INSERT INTO Rochoa.pagos (id_pago, id_cita, monto, metodo_pago) VALUES (10, 10, 85.00, 'EFECTIVO');
INSERT INTO Rochoa.pagos (id_pago, id_cita, monto, metodo_pago) VALUES (11, 11, 60.00, 'TARJETA');
INSERT INTO Rochoa.pagos (id_pago, id_cita, monto, metodo_pago) VALUES (12, 12, 75.00, 'EFECTIVO');
INSERT INTO Rochoa.pagos (id_pago, id_cita, monto, metodo_pago) VALUES (13, 13, 30.00, 'TRANSFERENCIA');
INSERT INTO Rochoa.pagos (id_pago, id_cita, monto, metodo_pago) VALUES (14, 14, 60.00, 'TARJETA');
INSERT INTO Rochoa.pagos (id_pago, id_cita, monto, metodo_pago) VALUES (15, 15, 80.00, 'EFECTIVO');
INSERT INTO Rochoa.pagos (id_pago, id_cita, monto, metodo_pago) VALUES (16, 16, 60.00, 'TRANSFERENCIA');
INSERT INTO Rochoa.pagos (id_pago, id_cita, monto, metodo_pago) VALUES (17, 17, 70.00, 'TARJETA');
INSERT INTO Rochoa.pagos (id_pago, id_cita, monto, metodo_pago) VALUES (18, 18, 30.00, 'EFECTIVO');
INSERT INTO Rochoa.pagos (id_pago, id_cita, monto, metodo_pago) VALUES (19, 19, 70.00, 'TRANSFERENCIA');
INSERT INTO Rochoa.pagos (id_pago, id_cita, monto, metodo_pago) VALUES (20, 20, 85.00, 'EFECTIVO');
INSERT INTO Rochoa.pagos (id_pago, id_cita, monto, metodo_pago) VALUES (21, 21, 60.00, 'TARJETA');
INSERT INTO Rochoa.pagos (id_pago, id_cita, monto, metodo_pago) VALUES (22, 22, 75.00, 'EFECTIVO');
INSERT INTO Rochoa.pagos (id_pago, id_cita, monto, metodo_pago) VALUES (23, 23, 30.00, 'TRANSFERENCIA');
INSERT INTO Rochoa.pagos (id_pago, id_cita, monto, metodo_pago) VALUES (24, 24, 60.00, 'TARJETA');
INSERT INTO Rochoa.pagos (id_pago, id_cita, monto, metodo_pago) VALUES (25, 25, 80.00, 'EFECTIVO');
INSERT INTO Rochoa.pagos (id_pago, id_cita, monto, metodo_pago) VALUES (26, 26, 60.00, 'TRANSFERENCIA');
INSERT INTO Rochoa.pagos (id_pago, id_cita, monto, metodo_pago) VALUES (27, 27, 70.00, 'TARJETA');
INSERT INTO Rochoa.pagos (id_pago, id_cita, monto, metodo_pago) VALUES (28, 28, 30.00, 'EFECTIVO');
INSERT INTO Rochoa.pagos (id_pago, id_cita, monto, metodo_pago) VALUES (29, 29, 70.00, 'TRANSFERENCIA');
INSERT INTO Rochoa.pagos (id_pago, id_cita, monto, metodo_pago) VALUES (30, 30, 85.00, 'EFECTIVO');
INSERT INTO Rochoa.pagos (id_pago, id_cita, monto, metodo_pago) VALUES (31, 31, 60.00, 'TARJETA');
INSERT INTO Rochoa.pagos (id_pago, id_cita, monto, metodo_pago) VALUES (32, 32, 75.00, 'EFECTIVO');
INSERT INTO Rochoa.pagos (id_pago, id_cita, monto, metodo_pago) VALUES (33, 33, 30.00, 'TRANSFERENCIA');
INSERT INTO Rochoa.pagos (id_pago, id_cita, monto, metodo_pago) VALUES (34, 34, 60.00, 'TARJETA');
INSERT INTO Rochoa.pagos (id_pago, id_cita, monto, metodo_pago) VALUES (35, 35, 80.00, 'EFECTIVO');
INSERT INTO Rochoa.pagos (id_pago, id_cita, monto, metodo_pago) VALUES (36, 36, 60.00, 'TRANSFERENCIA');
INSERT INTO Rochoa.pagos (id_pago, id_cita, monto, metodo_pago) VALUES (37, 37, 70.00, 'TARJETA');
INSERT INTO Rochoa.pagos (id_pago, id_cita, monto, metodo_pago) VALUES (38, 38, 30.00, 'EFECTIVO');
INSERT INTO Rochoa.pagos (id_pago, id_cita, monto, metodo_pago) VALUES (39, 39, 70.00, 'TRANSFERENCIA');
INSERT INTO Rochoa.pagos (id_pago, id_cita, monto, metodo_pago) VALUES (40, 40, 85.00, 'EFECTIVO');
INSERT INTO Rochoa.pagos (id_pago, id_cita, monto, metodo_pago) VALUES (41, 41, 60.00, 'TARJETA');
INSERT INTO Rochoa.pagos (id_pago, id_cita, monto, metodo_pago) VALUES (42, 42, 75.00, 'EFECTIVO');
INSERT INTO Rochoa.pagos (id_pago, id_cita, monto, metodo_pago) VALUES (43, 43, 30.00, 'TRANSFERENCIA');
INSERT INTO Rochoa.pagos (id_pago, id_cita, monto, metodo_pago) VALUES (44, 44, 60.00, 'TARJETA');
INSERT INTO Rochoa.pagos (id_pago, id_cita, monto, metodo_pago) VALUES (45, 45, 80.00, 'EFECTIVO');
INSERT INTO Rochoa.pagos (id_pago, id_cita, monto, metodo_pago) VALUES (46, 46, 60.00, 'TRANSFERENCIA');
INSERT INTO Rochoa.pagos (id_pago, id_cita, monto, metodo_pago) VALUES (47, 47, 70.00, 'TARJETA');
INSERT INTO Rochoa.pagos (id_pago, id_cita, monto, metodo_pago) VALUES (48, 48, 30.00, 'EFECTIVO');
INSERT INTO Rochoa.pagos (id_pago, id_cita, monto, metodo_pago) VALUES (49, 49, 70.00, 'TRANSFERENCIA');
INSERT INTO Rochoa.pagos (id_pago, id_cita, monto, metodo_pago) VALUES (50, 50, 85.00, 'EFECTIVO');
INSERT INTO Rochoa.pagos (id_pago, id_cita, monto, metodo_pago) VALUES (51, 51, 60.00, 'TARJETA');
INSERT INTO Rochoa.pagos (id_pago, id_cita, monto, metodo_pago) VALUES (52, 52, 75.00, 'EFECTIVO');
INSERT INTO Rochoa.pagos (id_pago, id_cita, monto, metodo_pago) VALUES (53, 53, 30.00, 'TRANSFERENCIA');
INSERT INTO Rochoa.pagos (id_pago, id_cita, monto, metodo_pago) VALUES (54, 54, 60.00, 'TARJETA');
INSERT INTO Rochoa.pagos (id_pago, id_cita, monto, metodo_pago) VALUES (55, 55, 80.00, 'EFECTIVO');
INSERT INTO Rochoa.pagos (id_pago, id_cita, monto, metodo_pago) VALUES (56, 56, 60.00, 'TRANSFERENCIA');
INSERT INTO Rochoa.pagos (id_pago, id_cita, monto, metodo_pago) VALUES (57, 57, 70.00, 'TARJETA');
INSERT INTO Rochoa.pagos (id_pago, id_cita, monto, metodo_pago) VALUES (58, 58, 30.00, 'EFECTIVO');
INSERT INTO Rochoa.pagos (id_pago, id_cita, monto, metodo_pago) VALUES (59, 59, 70.00, 'TRANSFERENCIA');
INSERT INTO Rochoa.pagos (id_pago, id_cita, monto, metodo_pago) VALUES (60, 60, 85.00, 'EFECTIVO');
INSERT INTO Rochoa.pagos (id_pago, id_cita, monto, metodo_pago) VALUES (61, 61, 60.00, 'TARJETA');
INSERT INTO Rochoa.pagos (id_pago, id_cita, monto, metodo_pago) VALUES (62, 62, 75.00, 'EFECTIVO');
INSERT INTO Rochoa.pagos (id_pago, id_cita, monto, metodo_pago) VALUES (63, 63, 30.00, 'TRANSFERENCIA');
INSERT INTO Rochoa.pagos (id_pago, id_cita, monto, metodo_pago) VALUES (64, 64, 60.00, 'TARJETA');
INSERT INTO Rochoa.pagos (id_pago, id_cita, monto, metodo_pago) VALUES (65, 65, 80.00, 'EFECTIVO');
INSERT INTO Rochoa.pagos (id_pago, id_cita, monto, metodo_pago) VALUES (66, 66, 60.00, 'TRANSFERENCIA');
INSERT INTO Rochoa.pagos (id_pago, id_cita, monto, metodo_pago) VALUES (67, 67, 70.00, 'TARJETA');
INSERT INTO Rochoa.pagos (id_pago, id_cita, monto, metodo_pago) VALUES (68, 68, 30.00, 'EFECTIVO');
INSERT INTO Rochoa.pagos (id_pago, id_cita, monto, metodo_pago) VALUES (69, 69, 70.00, 'TRANSFERENCIA');
INSERT INTO Rochoa.pagos (id_pago, id_cita, monto, metodo_pago) VALUES (70, 70, 85.00, 'EFECTIVO');
INSERT INTO Rochoa.pagos (id_pago, id_cita, monto, metodo_pago) VALUES (71, 71, 60.00, 'TARJETA');
INSERT INTO Rochoa.pagos (id_pago, id_cita, monto, metodo_pago) VALUES (72, 72, 75.00, 'EFECTIVO');
INSERT INTO Rochoa.pagos (id_pago, id_cita, monto, metodo_pago) VALUES (73, 73, 30.00, 'TRANSFERENCIA');
INSERT INTO Rochoa.pagos (id_pago, id_cita, monto, metodo_pago) VALUES (74, 74, 60.00, 'TARJETA');
INSERT INTO Rochoa.pagos (id_pago, id_cita, monto, metodo_pago) VALUES (75, 75, 80.00, 'EFECTIVO');
INSERT INTO Rochoa.pagos (id_pago, id_cita, monto, metodo_pago) VALUES (76, 76, 60.00, 'TRANSFERENCIA');
INSERT INTO Rochoa.pagos (id_pago, id_cita, monto, metodo_pago) VALUES (77, 77, 70.00, 'TARJETA');
INSERT INTO Rochoa.pagos (id_pago, id_cita, monto, metodo_pago) VALUES (78, 78, 30.00, 'EFECTIVO');
INSERT INTO Rochoa.pagos (id_pago, id_cita, monto, metodo_pago) VALUES (79, 79, 70.00, 'TRANSFERENCIA');
INSERT INTO Rochoa.pagos (id_pago, id_cita, monto, metodo_pago) VALUES (80, 80, 85.00, 'EFECTIVO');
INSERT INTO Rochoa.pagos (id_pago, id_cita, monto, metodo_pago) VALUES (81, 81, 60.00, 'TARJETA');
INSERT INTO Rochoa.pagos (id_pago, id_cita, monto, metodo_pago) VALUES (82, 82, 75.00, 'EFECTIVO');
INSERT INTO Rochoa.pagos (id_pago, id_cita, monto, metodo_pago) VALUES (83, 83, 30.00, 'TRANSFERENCIA');
INSERT INTO Rochoa.pagos (id_pago, id_cita, monto, metodo_pago) VALUES (84, 84, 60.00, 'TARJETA');
INSERT INTO Rochoa.pagos (id_pago, id_cita, monto, metodo_pago) VALUES (85, 85, 80.00, 'EFECTIVO');
INSERT INTO Rochoa.pagos (id_pago, id_cita, monto, metodo_pago) VALUES (86, 86, 60.00, 'TRANSFERENCIA');
INSERT INTO Rochoa.pagos (id_pago, id_cita, monto, metodo_pago) VALUES (87, 87, 70.00, 'TARJETA');
INSERT INTO Rochoa.pagos (id_pago, id_cita, monto, metodo_pago) VALUES (88, 88, 30.00, 'EFECTIVO');
INSERT INTO Rochoa.pagos (id_pago, id_cita, monto, metodo_pago) VALUES (89, 89, 70.00, 'TRANSFERENCIA');
INSERT INTO Rochoa.pagos (id_pago, id_cita, monto, metodo_pago) VALUES (90, 90, 85.00, 'EFECTIVO');
INSERT INTO Rochoa.pagos (id_pago, id_cita, monto, metodo_pago) VALUES (91, 91, 60.00, 'TARJETA');
INSERT INTO Rochoa.pagos (id_pago, id_cita, monto, metodo_pago) VALUES (92, 92, 75.00, 'EFECTIVO');
INSERT INTO Rochoa.pagos (id_pago, id_cita, monto, metodo_pago) VALUES (93, 93, 30.00, 'TRANSFERENCIA');
INSERT INTO Rochoa.pagos (id_pago, id_cita, monto, metodo_pago) VALUES (94, 94, 60.00, 'TARJETA');
INSERT INTO Rochoa.pagos (id_pago, id_cita, monto, metodo_pago) VALUES (95, 95, 80.00, 'EFECTIVO');
INSERT INTO Rochoa.pagos (id_pago, id_cita, monto, metodo_pago) VALUES (96, 96, 60.00, 'TRANSFERENCIA');
INSERT INTO Rochoa.pagos (id_pago, id_cita, monto, metodo_pago) VALUES (97, 97, 70.00, 'TARJETA');
INSERT INTO Rochoa.pagos (id_pago, id_cita, monto, metodo_pago) VALUES (98, 98, 30.00, 'EFECTIVO');
INSERT INTO Rochoa.pagos (id_pago, id_cita, monto, metodo_pago) VALUES (99, 99, 70.00, 'TRANSFERENCIA');
INSERT INTO Rochoa.pagos (id_pago, id_cita, monto, metodo_pago) VALUES (100, 100, 85.00, 'EFECTIVO');
